ticker,name,sector,price_12,price_11,price_10,price_9,price_8,price_7,price_6,price_5,price_4,price_3,price_2,price_1,current_price
A,A,Other,148.63,126.33,114.05,106.46,111.05,120.45,113.5,125.21,138.58,144.69,150.1,137.95,137.95
AAPL,Apple Inc,Technology,228.01,238.03,223.19,213.32,201.7,207.82,202.38,229.72,255.45,269.05,283.1,271.01,271.01
ABBV,AbbVie Inc,Healthcare,190.14,211.48,206.27,193.34,186.99,189.99,195.22,211.92,244.38,211.96,225.11,229.31,229.31
ABNB,Airbnb Inc,Consumer,129.78,140.98,121.18,124.01,129.62,135.41,128.02,127.59,122.32,126.8,118.8,133.01,133.01
ABT,Abbott Labs,Healthcare,128.45,140.22,131.69,130.88,133.57,136.26,127.29,131.46,133.47,123.84,128.01,124.19,124.19
ACGL,ACGL,Other,93.1,92.98,96.14,89.67,96.27,91.5,88.0,91.32,90.31,86.0,93.16,93.86,93.86
ACN,Accenture plc,Technology,385.21,344.99,313.58,300.53,314.47,302.62,255.37,256.17,243.71,248.44,257.43,259.95,259.95
ADBE,Adobe Inc,Technology,438.6,440.72,383.2,374.63,403.4,392.1,347.8,345.63,343.72,337.47,322.85,333.3,333.3
ADI,ADI,Other,205.24,228.53,199.18,193.74,215.45,240.64,221.71,248.32,239.28,233.61,266.51,273.74,273.74
ADM,ADM,Other,50.02,46.58,48.21,47.58,48.1,54.45,53.85,62.05,59.25,60.09,60.52,59.05,59.05
ADP,ADP,Other,307.32,318.64,306.54,298.69,325.8,310.13,300.44,299.77,291.61,257.17,255.84,252.88,252.88
ADSK,ADSK,Other,306.23,272.03,264.61,273.49,295.26,311.67,297.02,319.16,315.73,303.64,305.12,286.73,286.73
AEE,AEE,Other,96.01,103.67,100.67,98.09,97.15,96.39,102.11,99.72,103.43,101.54,103.0,100.86,100.86
AEP,AEP,Other,99.36,107.7,108.37,107.54,103.18,104.39,113.58,110.09,112.75,119.92,120.51,115.81,115.81
AES,AES,Other,10.71,11.19,12.37,9.95,10.18,10.77,13.23,13.41,15.37,13.62,13.99,14.82,14.82
AFL,AFL,Other,106.71,110.14,112.45,103.52,103.8,105.78,98.09,105.62,110.75,106.97,109.55,110.24,110.24
AIG,AIG,Other,73.1,82.59,86.81,80.84,85.76,85.87,77.0,81.05,79.64,78.96,76.61,84.27,84.27
AIZ,AIZ,Other,212.44,209.92,211.56,191.63,204.23,197.66,186.48,214.57,217.48,212.11,225.43,237.72,237.72
AJG,AJG,Other,309.0,341.8,343.86,317.64,348.77,319.49,284.17,302.57,305.84,242.98,246.1,256.0,256.0
AKAM,AKAM,Other,98.0,81.0,80.6,81.11,76.17,79.61,74.38,76.98,75.84,74.53,87.71,85.1,85.1
ALB,ALB,Other,80.45,69.95,71.82,59.32,55.09,62.9,67.9,79.54,84.47,96.53,128.33,143.93,143.93
ALGN,ALGN,Other,215.82,175.09,158.08,176.74,178.51,194.28,136.52,137.16,127.52,138.53,146.72,156.03,156.03
ALL,ALL,Other,191.98,202.06,207.5,197.24,212.64,200.14,199.77,203.34,210.68,191.25,210.0,203.82,203.82
ALLE,ALLE,Other,128.73,126.52,131.0,138.69,139.41,147.65,165.13,167.99,176.73,164.68,165.17,160.91,160.91
AMAT,AMAT,Other,178.8,152.13,145.66,148.96,157.27,183.76,179.99,157.57,217.74,237.71,254.75,268.87,268.87
AMCR,AMCR,Other,47.8,50.65,49.05,45.4,45.15,47.35,46.5,42.1,40.95,39.3,42.7,42.05,42.05
AMD,AMD Inc,Technology,114.27,98.23,102.78,96.65,114.63,136.11,171.7,162.32,164.01,259.65,219.76,223.47,223.47
AME,AME,Other,184.13,186.55,171.89,167.26,176.32,183.06,182.36,184.81,187.44,198.71,195.61,209.14,209.14
AMGN,AMGN,Other,288.87,310.78,306.92,283.78,288.47,290.52,296.88,286.92,298.5,296.3,337.49,327.64,327.64
AMP,AMP,Other,537.12,531.92,488.68,470.53,510.13,538.6,501.52,512.82,486.6,452.38,454.91,493.77,493.77
AMT,AMT,Other,185.37,209.61,219.44,224.03,214.11,224.47,212.1,200.49,193.32,176.64,176.27,174.8,174.8
AMZN,Amazon.com Inc,Consumer,237.42,205.02,192.17,190.2,206.65,220.46,214.75,225.34,220.63,254.0,233.88,226.5,226.5
ANET,ANET,Other,111.5,86.01,78.49,87.84,89.78,98.91,117.57,135.87,149.27,157.59,128.11,133.6,133.6
AON,AON,Other,374.88,409.32,398.81,351.54,376.16,356.93,353.46,371.96,360.13,339.84,351.17,344.27,344.27
AOS,AOS,Other,67.04,66.38,65.6,67.41,63.01,67.76,70.41,70.38,73.1,65.66,66.02,68.32,68.32
APA,APA,Other,21.47,18.89,21.13,16.22,17.33,18.94,18.46,23.84,25.06,22.49,25.28,25.36,25.36
APD,Air Products,Materials,338.07,310.65,293.45,272.16,278.7,285.47,281.75,292.19,268.7,239.36,260.86,250.47,250.47
APH,APH,Other,70.12,63.45,66.07,78.63,90.36,97.39,104.31,109.25,124.66,141.55,139.22,139.71,139.71
APO,APO,Other,167.12,144.58,138.37,137.89,130.52,141.63,138.29,135.84,129.95,123.95,131.39,146.61,146.61
APP,APP,Other,365.44,337.34,282.7,279.49,401.91,336.69,379.17,481.73,704.09,632.14,623.59,618.32,618.32
APTV,APTV,Other,60.68,64.01,59.15,56.96,65.3,71.67,65.65,78.39,87.1,81.77,76.94,78.44,78.44
ARE,ARE,Other,94.58,101.5,91.15,73.42,69.6,74.49,76.01,80.91,83.46,55.69,53.1,48.97,48.97
ARES,ARES,Other,196.52,169.76,149.44,152.27,166.79,174.73,182.83,179.78,154.14,155.5,159.51,166.33,166.33
ATO,ATO,Other,143.4,153.63,154.94,160.18,154.64,153.65,155.81,165.46,169.38,172.7,171.72,169.36,169.36
AVB,AVB,Other,220.31,228.08,214.51,209.0,207.15,203.28,184.44,189.02,191.37,175.37,179.65,180.48,180.48
AVGO,Broadcom Inc,Technology,217.73,187.37,168.52,197.33,248.71,264.74,288.64,298.24,333.39,362.55,386.08,347.62,347.62
AVY,AVY,Other,183.34,185.92,179.56,169.41,176.18,181.08,165.82,169.31,162.49,174.27,172.53,182.44,182.44
AWK,AWK,Other,125.76,139.57,147.0,146.43,142.42,142.56,145.72,141.41,136.07,125.97,131.0,130.32,130.32
AXON,AXON,Other,658.11,525.75,541.2,621.1,758.57,775.38,742.47,743.59,711.34,724.1,533.21,563.45,563.45
AXP,American Express,Finance,316.53,295.49,270.48,268.54,295.33,322.53,294.27,331.18,328.56,361.62,360.31,372.73,372.73
AZO,AZO,Other,3432.2,3477.76,3813.27,3732.92,3749.81,3718.59,3858.86,4179.84,4247.96,3576.14,3946.99,3303.82,3303.82
BA,Boeing Co,Industrial,175.87,170.06,168.17,182.89,211.47,209.79,221.9,237.38,215.2,204.55,186.46,227.77,227.77
BAC,Bank of America,Finance,46.21,45.56,41.49,40.17,44.08,48.15,45.66,50.42,50.68,53.56,53.24,55.95,55.95
BALL,BALL,Other,55.68,52.14,52.4,51.22,52.15,57.88,57.14,51.06,50.47,47.11,49.03,53.35,53.35
BAX,BAX,Other,31.64,34.86,34.02,30.67,29.55,31.23,21.96,24.17,23.36,18.21,19.08,19.5,19.5
BBY,BBY,Other,83.78,86.74,74.37,67.04,68.27,70.65,64.12,74.46,77.35,81.52,77.24,69.18,69.18
BDX,BDX,Other,247.61,228.45,226.04,169.54,169.4,177.67,176.37,188.15,190.94,177.3,191.82,194.94,194.94
BEN,BEN,Other,20.72,19.85,19.31,18.74,21.3,24.34,23.95,25.42,22.54,22.84,22.54,23.8,23.8
BF-B,BF-B,Other,31.91,33.04,33.5,34.16,33.2,27.85,28.75,29.14,27.55,27.53,29.72,26.14,26.14
BG,BG,Other,75.16,71.83,77.85,78.48,78.37,80.25,78.0,81.42,82.49,94.02,96.42,92.64,92.64
BIIB,BIIB,Other,142.34,141.71,132.03,120.93,131.14,130.07,131.95,139.63,154.22,151.44,177.78,177.82,177.82
BK,BK,Other,85.19,88.35,83.77,80.91,88.98,90.65,99.81,104.7,106.83,108.06,111.81,117.04,117.04
BKNG,Booking Holdings,Consumer,4692.9,4946.15,4685.75,5101.43,5538.91,5730.73,5386.29,5505.55,5350.56,5030.55,4891.81,5323.2,5323.2
BKR,BKR,Other,47.4,43.6,44.8,36.19,37.32,38.69,43.51,45.36,48.36,48.64,50.16,47.14,47.14
BLDR,BLDR,Other,162.91,134.92,125.61,111.93,105.63,126.91,130.18,137.36,126.74,112.97,113.18,104.63,104.63
BLK,BlackRock Inc,Finance,1013.75,966.47,944.08,916.14,978.07,1054.27,1091.8,1114.77,1141.07,1068.83,1039.94,1085.06,1085.06
BMY,BMY,Healthcare,59.95,59.87,59.55,49.61,48.79,47.51,44.23,47.41,47.43,46.02,49.18,53.46,53.46
BR,BR,Other,238.65,244.83,244.72,228.01,242.39,244.73,244.65,251.96,234.6,221.18,226.55,220.47,220.47
BRK-B,Berkshire Hathaway,Finance,464.61,510.08,532.99,530.23,502.81,489.61,472.84,501.14,498.2,475.68,508.55,496.85,496.85
BRO,BRO,Other,105.54,119.87,124.11,109.02,113.4,108.93,92.24,95.43,92.76,77.82,81.18,77.62,77.62
BSX,BSX,Other,103.07,104.87,101.24,103.19,104.17,104.78,105.41,106.66,95.85,98.59,101.01,94.71,94.71
BX,BX,Other,173.54,158.53,142.8,133.39,138.81,152.77,170.4,169.55,168.1,144.42,146.35,158.8,158.8
BXP,BXP,Other,71.68,68.03,66.96,64.28,67.59,68.12,64.62,72.4,76.32,70.61,71.97,67.82,67.82
C,Citigroup Inc,Finance,79.61,77.17,70.54,68.14,75.8,86.27,91.83,94.78,98.71,101.61,102.68,118.7,118.7
CAG,CAG,Other,25.46,26.05,26.6,24.18,22.76,21.05,18.51,18.77,19.3,17.29,17.67,17.3,17.3
CAH,CAH,Other,125.33,129.18,137.13,145.53,155.25,164.4,156.0,149.55,157.93,190.22,208.0,205.72,205.72
CARR,CARR,Other,63.15,63.26,63.54,69.8,70.34,74.3,66.92,63.5,59.46,57.86,54.25,53.52,53.52
CAT,Caterpillar Inc,Industrial,361.55,332.04,330.57,313.96,344.67,390.92,428.69,416.05,480.82,570.59,568.06,598.41,598.41
CB,CB,Other,273.93,289.69,301.4,283.29,299.93,289.59,267.4,276.81,281.41,278.25,293.88,310.06,310.06
CBOE,CBOE,Other,209.55,214.96,225.04,221.21,231.1,232.0,247.79,231.88,241.57,246.92,255.28,248.11,248.11
CBRE,CBRE,Other,142.57,140.62,131.01,123.52,124.56,141.62,153.94,159.56,156.56,150.61,159.34,160.19,160.19
CCI,CCI,Other,89.33,95.86,104.61,106.3,99.89,103.72,106.88,98.1,95.71,89.52,88.5,88.7,88.7
CCL,CCL,Other,27.05,23.26,19.39,18.63,23.54,28.64,29.07,31.16,28.36,28.71,25.93,30.92,30.92
CDNS,CDNS,Other,298.3,241.74,258.79,299.73,292.53,309.46,356.97,342.81,351.97,335.41,309.62,310.4,310.4
CDW,CDW,Other,198.44,172.5,162.08,162.4,174.76,181.16,168.86,162.27,158.99,154.83,143.03,133.16,133.16
CEG,CEG,Other,306.31,232.29,206.94,240.62,313.43,307.92,340.77,307.19,350.9,377.71,359.05,366.25,366.25
CF,CF,Other,92.47,77.97,79.59,79.62,92.97,92.49,91.56,87.43,86.43,84.41,79.8,80.13,80.13
CFG,CFG,Other,46.37,45.05,40.59,37.29,40.06,46.1,46.82,51.6,52.74,51.01,54.58,59.39,59.39
CHD,CHD,Other,106.43,112.06,109.47,92.38,99.04,97.64,94.01,93.25,87.92,86.28,84.58,82.64,82.64
CHRW,CHRW,Other,98.1,100.37,102.76,90.28,96.12,98.31,113.86,128.89,132.66,152.15,160.32,163.72,163.72
CHTR,CHTR,Other,341.5,370.66,370.91,383.0,394.78,418.22,264.69,264.42,275.1,222.2,196.94,209.28,209.28
CI,CI,Other,292.46,311.51,331.0,335.18,314.99,334.39,262.23,300.72,291.65,258.62,273.57,279.12,279.12
CINF,CINF,Other,136.93,147.48,147.45,139.84,151.6,149.38,146.19,152.95,159.79,153.66,166.03,161.49,161.49
CL,CL,Other,87.03,92.81,93.9,90.69,91.93,92.04,83.51,84.39,79.01,74.98,79.94,77.69,77.69
CLX,CLX,Other,159.78,155.89,147.91,138.54,130.29,123.54,123.1,119.98,122.68,109.14,106.41,100.85,100.85
CMCSA,CMCSA,Other,31.11,33.72,34.41,31.7,32.17,34.05,30.48,31.99,29.0,25.29,24.91,27.69,27.69
CME,CME,Other,240.65,256.88,262.24,277.11,290.71,275.42,280.76,265.4,265.84,264.16,278.99,269.68,269.68
CMG,CMG,Other,58.36,54.33,51.67,50.32,49.84,58.24,42.52,41.75,38.97,31.51,34.24,37.49,37.49
CMI,CMI,Other,348.21,355.97,315.36,294.88,317.24,329.62,355.84,395.23,424.65,437.71,496.15,522.03,522.03
CMS,CMS,Other,66.48,74.06,75.14,72.97,70.22,70.13,74.08,71.16,72.37,72.49,73.16,70.42,70.42
CNC,CNC,Other,64.82,58.59,60.45,59.41,54.91,56.65,25.91,29.62,35.74,34.5,37.89,41.78,41.78
CNP,CNP,Other,32.51,34.57,36.8,38.6,37.45,36.52,38.81,37.94,38.17,38.42,39.13,38.73,38.73
COF,COF,Other,200.91,196.18,178.22,180.22,191.46,215.18,207.47,223.27,213.48,221.7,220.37,247.93,247.93
COIN,Coinbase Global,Finance,284.41,205.75,174.52,201.3,246.72,335.33,314.69,303.56,346.17,330.42,259.84,236.53,236.53
COO,COO,Other,95.34,91.65,81.27,81.14,67.0,72.81,70.87,65.33,68.07,69.82,77.41,81.11,81.11
COP,ConocoPhillips,Energy,98.48,92.63,105.39,90.65,86.72,91.99,92.76,98.99,95.46,88.57,90.26,96.7,96.7
COR,COR,Other,254.43,255.38,277.41,290.43,292.07,295.33,288.35,294.85,311.77,340.93,360.12,338.87,338.87
COST,Costco Wholesale,Consumer,1005.83,1046.85,954.4,999.04,1056.85,985.96,952.52,938.82,917.34,928.04,911.96,854.5,854.5
CPAY,CPAY,Other,379.61,365.94,351.99,322.65,322.07,338.85,316.4,317.79,286.41,263.36,296.27,300.59,300.59
CPB,CPB,Other,38.13,41.29,39.9,35.89,34.25,31.69,32.33,31.46,31.99,29.91,30.59,27.71,27.71
CPRT,CPRT,Other,57.76,54.65,57.21,60.5,50.8,49.64,45.51,48.48,45.09,43.0,39.15,37.77,37.77
CPT,CPT,Other,113.5,125.53,121.92,114.83,117.83,112.97,106.95,108.58,105.59,99.99,106.06,110.17,110.17
CRH,CRH,Other,97.34,99.97,88.85,96.28,90.99,93.3,95.24,111.28,119.85,118.4,119.68,126.44,126.44
CRL,CRL,Other,161.62,163.5,145.99,116.89,135.04,154.4,166.91,161.25,170.48,178.86,176.09,202.42,202.42
CRM,Salesforce Inc,Technology,339.24,293.06,270.2,269.33,261.62,271.91,250.74,252.86,235.69,261.34,232.83,253.62,253.62
CRWD,CrowdStrike Holdings,Technology,397.57,382.73,362.38,431.88,479.17,492.07,446.66,413.5,499.96,551.92,504.13,453.58,453.58
CSCO,Cisco Systems,Technology,61.04,63.48,61.8,58.12,63.85,69.1,67.11,67.8,68.75,74.45,76.04,76.04,76.04
CSGP,CSGP,Other,76.8,75.39,79.18,76.58,73.27,81.91,94.6,88.12,83.48,69.38,68.02,65.69,65.69
CSX,CSX,Other,32.51,31.93,29.54,28.11,31.24,33.47,35.01,32.19,35.0,35.83,34.85,36.27,36.27
CTAS,CTAS,Other,202.21,207.43,207.87,209.55,226.69,224.31,221.5,205.51,203.64,182.04,185.43,184.88,184.88
CTRA,CTRA,Other,28.04,26.28,29.07,24.89,25.08,25.09,23.7,24.74,23.96,24.39,26.95,26.6,26.6
CTSH,CTSH,Other,82.9,83.51,76.45,75.23,80.27,80.44,70.59,71.78,66.53,72.73,77.43,81.28,81.28
CTVA,CTVA,Other,64.61,60.4,63.55,62.02,70.95,75.11,71.17,73.92,61.47,62.06,66.54,67.76,67.76
CVNA,CVNA,Other,251.63,219.45,212.59,251.87,331.44,338.26,367.78,366.39,395.41,332.33,375.26,400.25,400.25
CVS,CVS,Other,55.95,64.9,67.98,69.45,63.6,69.58,62.47,74.09,76.87,78.44,79.1,80.13,80.13
CVX,Chevron Corp,Energy,149.34,153.09,168.51,136.26,137.84,145.57,151.4,161.83,154.58,154.04,152.54,155.9,155.9
D,D,Other,56.32,56.87,56.26,54.83,56.77,57.65,60.41,59.14,60.9,58.49,60.8,59.24,59.24
DAL,DAL,Other,66.48,58.45,42.42,41.5,48.5,49.0,51.15,61.13,56.11,58.5,64.15,69.06,69.06
DASH,DASH,Other,190.8,198.1,182.42,196.2,212.79,238.01,248.35,244.1,267.64,242.05,205.58,219.79,219.79
DAY,DAY,Other,71.08,59.42,58.34,58.62,58.23,56.46,55.27,69.5,68.95,68.69,69.12,69.27,69.27
DD,DD,Other,31.83,32.98,31.33,27.64,27.65,29.9,29.26,31.71,32.73,34.69,39.91,40.87,40.87
DDOG,Datadog Inc,Technology,143.15,113.17,101.06,106.32,117.74,132.33,135.6,134.69,152.7,162.08,157.9,133.77,133.77
DE,DE,Industrial,467.05,465.83,478.45,480.02,507.84,508.36,500.98,476.78,451.73,461.94,468.11,466.8,466.8
DECK,DECK,Other,170.63,137.24,113.35,111.13,105.01,105.4,103.35,122.88,101.18,81.12,92.02,106.79,106.79
DELL,DELL,Other,100.09,95.56,91.96,91.95,108.08,121.73,127.32,120.96,149.68,160.11,132.09,127.8,127.8
DG,DG,Other,71.47,71.89,87.6,90.55,97.17,115.3,108.53,110.46,99.68,99.17,109.34,136.82,136.82
DGX,DGX,Other,162.47,176.95,169.28,177.32,174.4,179.33,170.85,178.7,182.07,178.84,183.77,173.79,173.79
DHI,DHI,Other,137.46,125.68,127.41,125.55,116.89,133.9,150.3,170.26,172.44,145.06,157.37,145.72,145.72
DHR,Danaher Corp,Healthcare,214.26,205.69,200.39,196.71,189.23,201.1,197.09,203.79,212.88,214.06,224.14,230.4,230.4
DIS,Walt Disney Co,Consumer,114.0,112.79,97.68,90.81,112.95,123.49,116.59,118.27,112.95,112.12,106.77,111.85,111.85
DLR,DLR,Other,161.43,155.31,146.05,161.88,172.72,171.25,172.21,162.95,171.45,171.96,156.39,155.03,155.03
DLTR,DLTR,Other,71.63,68.77,75.34,81.27,91.24,101.5,114.72,111.35,90.32,100.85,109.89,127.7,127.7
DOC,DOC,Other,20.38,20.4,20.02,17.78,17.41,17.88,16.77,17.95,19.18,17.69,18.19,16.2,16.2
DOV,DOV,Other,202.28,193.29,176.47,169.81,176.08,186.16,174.97,175.77,166.4,178.16,184.89,195.75,195.75
DOW,DOW,Other,37.38,36.06,34.61,30.53,27.2,27.83,21.79,24.41,23.05,23.23,23.84,24.27,24.27
DPZ,DPZ,Other,455.85,483.82,465.47,481.39,466.0,457.53,466.17,467.3,428.16,403.63,423.85,425.28,425.28
DRI,DRI,Other,198.67,195.91,209.54,199.86,216.85,219.6,203.49,208.06,192.4,177.57,173.94,187.21,187.21
DTE,DTE,Other,120.9,135.24,137.92,135.84,135.98,132.43,138.51,135.65,140.16,133.87,133.27,130.36,130.36
DUK,Duke Energy,Utilities,113.2,118.67,121.07,121.33,117.23,118.87,122.91,121.89,122.39,123.67,120.75,117.44,117.44
DVA,DVA,Other,177.06,143.1,151.91,140.44,134.41,146.71,138.48,136.95,132.87,119.05,119.24,114.51,114.51
DVN,DVN,Other,33.75,34.41,37.57,31.16,31.14,32.65,32.14,36.42,35.32,32.82,37.86,37.87,37.87
DXCM,DXCM,Other,87.05,85.99,67.32,70.26,85.51,83.58,79.28,74.3,66.08,60.43,63.52,66.54,66.54
EA,EA,Other,122.91,129.23,145.67,145.1,145.88,159.06,157.08,171.45,201.63,199.89,202.62,204.41,204.41
EBAY,EBAY,Other,67.18,65.22,67.8,67.67,74.53,76.1,91.74,89.89,87.58,82.77,82.73,87.06,87.06
ECL,ECL,Other,249.51,269.82,254.27,252.62,265.15,272.61,261.01,274.79,269.71,257.45,272.86,262.64,262.64
ED,ED,Other,95.62,104.02,110.06,112.56,103.86,100.78,104.44,97.2,98.17,96.64,97.88,99.99,99.99
EFX,EFX,Other,267.52,244.51,243.86,260.61,261.41,263.94,239.99,234.03,253.84,209.84,208.94,214.03,214.03
EG,EG,Other,345.27,356.1,365.41,337.38,351.74,340.87,331.34,345.35,353.53,313.45,312.09,334.48,334.48
EIX,EIX,Other,52.44,55.27,58.75,54.56,55.43,52.88,53.13,55.79,56.28,54.39,58.13,60.93,60.93
EL,EL,Other,82.77,70.18,67.87,58.89,66.65,85.11,91.04,90.79,86.2,93.25,94.71,106.76,106.76
ELV,ELV,Other,405.1,395.5,432.68,408.31,377.05,395.76,274.66,322.33,332.66,313.19,329.68,354.25,354.25
EME,EME,Other,448.4,395.73,375.5,412.52,469.55,530.88,624.67,620.41,654.92,673.52,607.78,638.65,638.65
EMR,EMR,Other,127.85,117.17,110.0,105.81,118.86,135.51,141.78,131.38,131.19,140.03,131.94,135.82,135.82
EOG,EOG Resources,Energy,126.4,120.54,129.3,111.68,111.34,121.19,116.6,126.1,111.27,105.64,109.71,107.27,107.27
EPAM,EPAM,Other,256.58,198.61,167.53,158.46,170.58,179.03,150.99,174.7,152.3,161.71,190.42,200.46,200.46
EQIX,EQIX,Other,915.0,910.58,816.95,861.97,890.49,795.38,771.75,771.56,773.95,832.84,733.28,764.11,764.11
EQR,EQR,Other,70.33,75.02,71.28,70.62,69.93,67.26,62.75,64.01,64.1,59.08,61.44,62.03,62.03
EQT,EQT,Other,52.18,48.71,53.88,50.36,56.66,55.72,52.34,52.38,56.16,55.86,60.52,53.46,53.46
ERIE,ERIE,Other,403.61,449.69,411.0,351.13,359.69,352.05,350.75,338.06,312.05,285.35,293.76,277.81,277.81
ES,ES,Other,58.5,63.01,62.09,59.08,64.92,64.55,65.55,63.7,71.6,74.36,66.55,68.06,68.06
ESS,ESS,Other,284.39,313.85,305.51,284.47,284.66,284.77,256.72,260.6,266.59,254.32,260.24,256.89,256.89
ETN,ETN,Other,315.41,278.46,276.7,301.66,318.86,355.04,381.29,343.75,373.84,386.57,339.71,327.31,327.31
ETR,ETR,Other,82.04,87.89,85.66,83.37,83.14,82.53,89.67,87.41,93.4,96.87,94.59,93.86,93.86
EVRG,EVRG,Other,64.87,69.52,69.01,68.43,66.5,69.46,71.55,71.27,76.23,77.27,75.52,73.08,73.08
EW,EW,Other,71.38,71.39,71.87,75.18,78.1,77.18,79.33,81.77,76.31,83.07,85.27,85.33,85.33
EXC,EXC,Other,40.57,44.55,45.92,46.6,43.79,43.41,44.67,43.37,45.06,46.2,45.69,43.92,43.92
EXE,EXE,Other,102.87,98.35,112.74,103.43,119.3,111.19,101.97,98.21,109.18,110.08,121.58,109.77,109.77
EXPD,EXPD,Other,110.78,118.55,122.24,109.61,111.21,117.98,114.65,120.85,121.53,122.46,146.45,151.86,151.86
EXPE,EXPE,Other,169.62,193.5,167.7,157.96,167.17,174.04,178.06,212.12,217.95,215.61,258.95,282.94,282.94
EXR,EXR,Other,152.74,153.99,147.84,148.28,152.99,150.5,139.3,140.86,141.13,131.2,131.94,130.97,130.97
F,Ford Motor Co,Consumer,9.89,9.39,9.94,10.18,9.98,11.35,10.82,11.72,12.27,13.01,13.16,13.34,13.34
FANG,FANG,Other,164.48,148.0,160.87,134.83,137.59,140.2,146.14,149.86,143.54,141.27,156.16,152.34,152.34
FAST,FAST,Other,36.86,37.19,38.81,40.35,40.91,42.86,45.44,49.19,47.72,41.04,40.15,40.44,40.44
FCX,FCX,Other,35.86,35.53,38.13,36.41,40.15,44.05,40.03,44.94,39.09,41.18,43.07,51.93,51.93
FDS,FDS,Other,469.81,458.09,457.01,429.89,456.56,450.3,391.33,368.88,286.73,264.57,277.13,284.9,284.9
FDX,FDX,Other,247.34,258.77,241.98,210.06,217.89,234.33,217.1,224.18,239.55,252.99,273.34,293.13,293.13
FE,FE,Other,40.0,39.61,40.4,42.75,41.5,40.38,43.19,43.47,45.97,46.04,46.43,45.26,45.26
FFIV,FFIV,Other,295.19,284.15,268.58,265.77,286.02,295.97,307.43,306.73,327.29,249.04,238.57,256.63,256.63
FICO,FICO,Other,1827.96,1864.88,1868.47,2001.68,1748.26,1843.18,1381.07,1504.88,1512.71,1650.51,1768.68,1643.27,1643.27
FIS,FIS,Other,81.88,72.2,74.57,77.71,79.09,82.35,78.36,68.31,66.51,62.2,66.2,65.62,65.62
FISV,FISV,Other,216.62,237.79,222.01,183.02,162.0,172.68,135.33,136.78,126.09,65.14,62.69,65.59,65.59
FITB,FITB,Other,43.57,43.05,38.93,36.09,38.08,42.44,40.91,45.57,44.35,41.53,43.77,47.71,47.71
FIX,FIX,Other,427.05,345.58,330.0,418.05,477.08,521.66,695.3,698.61,834.33,977.67,961.2,1003.64,1003.64
FOX,FOX,Other,49.19,53.45,51.77,45.87,50.58,51.59,50.73,55.62,55.95,57.32,59.34,65.96,65.96
FOXA,FOXA,Other,51.95,57.03,55.82,49.22,55.14,55.97,55.54,61.05,61.89,63.62,66.39,73.76,73.76
FRT,FRT,Other,108.23,105.48,96.99,95.26,95.44,94.21,90.61,99.14,99.64,95.68,98.32,99.03,99.03
FSLR,FSLR,Other,167.19,127.63,127.57,126.57,149.65,162.96,183.97,195.78,224.82,265.71,263.54,274.34,274.34
FTNT,FTNT,Other,100.9,106.54,96.67,104.21,102.47,102.43,97.36,76.93,85.18,87.52,81.82,77.88,77.88
FTV,FTV,Other,60.47,59.53,55.39,50.32,52.95,53.16,46.55,47.36,50.08,50.1,52.77,55.39,55.39
GD,GD,Other,256.59,254.04,274.14,271.51,275.71,294.38,310.74,324.39,340.75,341.87,332.38,343.4,343.4
GDDY,GDDY,Other,212.73,177.69,180.72,192.36,182.07,178.4,156.47,144.39,132.18,135.02,127.94,118.52,118.52
GE,General Electric,Industrial,204.11,201.96,203.79,203.61,247.48,249.02,269.38,275.39,300.88,308.62,288.45,320.75,320.75
GEHC,GEHC,Other,87.51,86.45,79.57,67.67,70.15,75.95,69.85,71.6,75.51,74.47,79.24,82.82,82.82
GEN,GEN,Other,27.0,27.64,26.74,25.6,28.36,29.8,28.79,29.5,28.12,26.28,26.28,26.07,26.07
GEV,GEV,Other,361.71,315.98,315.64,382.29,485.16,506.0,656.5,579.68,606.15,581.26,576.9,679.55,679.55
GILD,GILD,Other,98.38,115.99,111.28,103.25,108.91,111.73,113.18,112.71,111.15,122.05,124.33,121.6,121.6
GIS,GIS,Other,59.87,62.07,59.72,55.58,54.13,53.19,48.94,49.32,50.7,46.43,47.07,45.72,45.72
GL,GL,Other,122.43,128.59,132.13,117.72,122.24,124.9,137.24,139.95,140.98,130.64,132.53,138.42,138.42
GLW,GLW,Other,51.35,48.25,45.54,44.78,50.04,52.59,62.05,68.47,83.12,87.5,82.9,90.67,90.67
GM,General Motors,Consumer,47.9,47.38,47.26,45.05,47.69,52.03,52.53,58.53,61.34,68.22,72.95,80.98,80.98
GNRC,GNRC,Other,144.58,130.88,126.33,112.67,120.64,146.61,193.63,179.51,167.89,163.75,149.22,141.1,141.1
GOOG,Alphabet Inc,Technology,202.64,168.66,158.88,162.79,170.37,176.91,189.95,211.99,245.54,284.12,315.12,315.32,315.32
GOOGL,Alphabet Inc,Technology,201.23,167.01,157.07,161.3,169.03,175.84,189.13,211.35,244.9,283.72,314.89,315.15,315.15
GPC,GPC,Other,115.92,124.0,118.45,117.0,128.27,125.34,128.3,136.03,138.17,123.61,129.95,124.0,124.0
GPN,GPN,Other,110.67,103.05,98.44,76.58,74.91,81.97,78.04,86.99,85.12,77.1,76.24,75.53,75.53
GRMN,GRMN,Other,215.49,226.22,217.57,186.78,202.95,211.13,218.73,234.29,255.18,210.54,196.88,202.44,202.44
GS,Goldman Sachs,Finance,632.37,605.26,548.45,553.83,598.72,706.46,709.57,730.85,785.51,785.52,810.86,914.34,914.34
GWW,GWW,Other,1046.74,999.5,994.06,1053.43,1074.44,1052.12,932.44,1016.86,944.0,966.32,944.87,1003.81,1003.81
HAL,HAL,Energy,25.51,25.01,25.55,19.93,20.01,21.21,21.6,22.69,24.9,27.18,26.63,29.6,29.6
HAS,HAS,Other,56.64,63.69,62.14,60.71,65.55,76.99,74.63,79.75,75.31,75.85,82.69,82.97,82.97
HBAN,HBAN,Other,16.84,16.19,14.95,14.62,15.58,17.18,16.04,17.68,17.04,15.37,16.54,17.48,17.48
HCA,HCA,Other,334.3,311.28,345.73,343.04,382.16,389.53,356.97,406.14,426.07,461.56,503.0,470.39,470.39
HD,Home Depot,Consumer,408.76,389.69,365.52,358.3,367.96,373.16,373.66,406.31,397.02,378.35,357.33,345.82,345.82
HIG,HIG,Other,112.3,119.77,124.39,121.84,129.87,126.6,123.0,131.91,132.9,124.27,135.5,137.11,137.11
HII,HII,Other,196.56,172.68,202.2,227.48,222.8,246.31,269.83,269.71,286.01,317.54,306.65,349.75,349.75
HLT,HLT,Other,256.27,263.58,227.28,234.09,249.13,268.96,260.84,276.01,256.75,259.09,283.04,292.98,292.98
HOLX,HOLX,Other,71.72,63.27,61.38,57.28,62.01,65.33,67.16,66.61,67.04,74.06,74.84,74.56,74.56
HON,Honeywell Intl,Industrial,209.62,199.83,201.18,198.62,212.55,225.04,205.19,205.09,198.1,197.77,190.22,195.88,195.88
HOOD,HOOD,Other,51.9,46.89,42.16,46.62,67.98,92.33,99.9,100.84,139.14,147.08,123.24,115.21,115.21
HPE,HPE,Other,20.46,19.03,15.64,16.41,17.34,20.48,19.81,22.68,24.93,24.5,21.94,24.17,24.17
HPQ,HPQ,Other,32.0,30.04,27.79,25.39,24.91,25.5,24.45,28.94,26.7,27.01,24.39,22.12,22.12
HRL,HRL,Other,29.6,29.48,30.74,29.39,30.85,30.7,28.12,25.03,24.8,21.48,23.3,23.39,23.39
HSIC,HSIC,Other,79.57,70.81,69.07,64.46,69.56,74.48,67.98,68.39,65.6,64.64,73.11,76.82,76.82
HST,HST,Other,16.49,16.14,14.44,14.53,15.44,15.87,15.53,17.07,17.05,16.13,17.55,18.16,18.16
HSY,HSY,Other,147.79,178.5,169.62,167.13,161.45,175.81,189.01,185.78,188.83,162.31,185.08,182.41,182.41
HUBB,HUBB,Other,408.73,354.95,332.86,343.12,381.34,410.51,426.74,430.15,430.47,467.61,427.85,463.03,463.03
HUM,HUM,Other,293.0,261.54,264.74,256.04,231.39,252.58,247.26,310.06,246.77,279.92,242.23,264.48,264.48
HWM,HWM,Other,126.38,131.02,131.78,148.03,172.65,176.22,184.26,173.22,194.85,206.74,198.74,211.71,211.71
IBKR,IBKR,Other,55.87,50.38,43.27,43.58,52.05,56.32,63.61,63.9,68.78,73.08,63.54,67.23,67.23
IBM,IBM Corp,Technology,260.73,250.19,250.34,239.66,263.9,291.2,250.05,241.5,286.49,304.73,305.67,291.5,291.5
ICE,ICE,Other,160.39,173.2,171.49,170.84,180.32,181.86,184.6,175.09,162.64,145.59,156.94,159.99,159.99
IDXX,IDXX,Other,469.04,437.15,418.57,471.38,514.8,542.65,535.54,639.45,620.11,722.94,728.97,669.99,669.99
IEX,IEX,Other,218.86,188.53,181.15,175.25,179.17,180.19,159.12,162.15,164.1,168.25,174.64,179.06,179.06
IFF,IFF,Other,86.4,80.92,77.43,77.85,75.71,75.09,69.48,66.55,60.96,62.08,69.27,68.03,68.03
INCY,INCY,Other,73.74,70.26,60.91,62.03,65.31,68.73,75.59,85.98,86.7,101.57,102.04,101.42,101.42
INTC,Intel Corp,Technology,19.38,22.74,22.05,19.98,19.74,22.85,19.31,24.21,35.94,39.5,40.01,39.38,39.38
INTU,Intuit Inc,Technology,600.76,601.09,613.78,623.19,764.99,779.61,776.15,661.99,679.5,676.19,631.62,629.46,629.46
INVH,INVH,Other,31.05,34.37,34.55,35.11,33.67,32.78,30.34,30.33,29.01,28.36,27.79,27.72,27.72
IP,IP,Other,55.83,55.31,53.65,43.89,47.2,49.45,46.41,49.17,46.25,36.93,39.19,40.25,40.25
IQV,IQV,Other,199.11,184.85,171.24,151.1,139.1,162.61,182.45,183.74,203.79,213.88,228.47,225.37,225.37
IR,IR,Other,92.51,82.6,80.61,76.21,81.06,85.3,74.98,77.94,83.5,76.0,79.19,79.76,79.76
IRM,IRM,Other,100.64,90.21,86.89,91.85,99.47,99.93,94.13,89.46,102.26,103.67,82.83,83.24,83.24
ISRG,ISRG,Other,578.55,566.98,496.36,517.18,553.29,537.99,483.12,469.07,438.04,544.21,567.37,561.98,561.98
IT,IT,Other,547.8,491.13,413.72,419.6,429.86,406.7,328.54,250.91,251.0,245.92,230.78,237.03,237.03
ITW,ITW,Other,255.44,262.23,248.7,239.24,242.65,255.19,252.31,262.26,259.92,243.13,247.49,249.5,249.5
IVZ,IVZ,Other,18.34,16.76,15.19,13.92,14.38,16.17,20.61,21.65,23.09,23.58,24.66,26.94,26.94
J,J,Other,137.41,123.92,120.77,123.07,124.13,132.65,139.08,145.23,152.49,154.25,132.84,135.35,135.35
JBHT,JBHT,Other,167.3,157.82,149.72,129.8,136.65,151.08,139.56,144.25,132.68,169.75,179.73,196.78,196.78
JBL,JBL,Other,159.48,146.45,136.42,147.58,168.02,216.14,218.56,202.08,214.84,220.31,209.99,240.39,240.39
JCI,JCI,Other,77.0,82.56,81.4,87.25,100.39,104.67,106.48,105.96,108.89,113.18,114.94,122.31,122.31
JKHY,JKHY,Other,174.78,178.0,184.02,173.89,180.37,182.09,167.28,160.77,146.29,150.63,174.2,178.35,178.35
JNJ,Johnson & Johnson,Healthcare,151.87,167.28,153.25,154.46,155.4,155.92,167.33,178.06,186.05,186.26,205.34,207.35,207.35
JPM,JPMorgan Chase,Finance,266.81,260.62,243.66,246.89,264.66,290.41,289.37,299.7,310.71,309.35,308.92,325.48,325.48
KDP,KDP,Other,32.54,34.13,34.97,34.04,33.25,33.57,33.32,28.91,25.6,26.64,28.17,27.73,27.73
KEY,KEY,Other,17.47,16.98,15.8,14.99,15.8,17.87,17.65,18.96,18.51,17.54,18.62,20.98,20.98
KEYS,KEYS,Other,176.32,155.89,150.04,145.54,158.36,164.47,158.68,163.79,173.1,186.18,197.54,206.59,206.59
KHC,KHC,Other,29.28,31.32,30.34,28.5,26.63,26.61,27.41,26.02,26.28,24.33,25.37,24.39,24.39
KIM,KIM,Other,22.22,22.05,21.14,20.95,21.17,21.18,20.74,22.25,21.52,20.37,20.49,20.06,20.06
KKR,KKR,Other,163.22,133.01,117.84,114.49,121.87,132.45,142.55,138.74,127.47,117.63,122.19,128.9,128.9
KLAC,KLAC,Other,740.21,691.15,682.46,676.31,762.44,898.85,886.64,846.35,1128.87,1219.14,1157.18,1274.47,1274.47
KMB,KMB,Other,130.45,143.35,143.03,129.87,141.68,131.61,130.64,128.84,123.23,102.27,108.54,101.4,101.4
KMI,KMI,Other,27.58,27.14,28.63,26.3,28.65,28.33,28.1,26.74,28.3,26.08,27.29,27.71,27.71
KO,Coca-Cola Co,Consumer,63.35,72.32,71.87,71.29,72.0,71.67,68.86,69.06,66.78,67.97,71.95,69.12,69.12
KR,KR,Other,63.33,62.89,68.14,72.18,68.2,71.35,71.36,68.64,66.51,63.44,67.55,62.96,62.96
KVUE,KVUE,Other,21.23,23.79,23.88,23.96,23.67,20.97,21.59,20.78,15.85,16.14,17.22,17.32,17.32
L,L,Other,85.33,87.15,92.09,86.31,89.67,92.32,90.29,96.22,100.15,99.42,106.4,104.66,104.66
LDOS,LDOS,Other,141.65,129.2,134.96,146.61,141.65,160.94,159.2,180.89,191.63,193.05,188.42,183.47,183.47
LEN,LEN,Other,126.19,117.93,114.51,108.19,105.02,115.49,115.98,132.68,128.21,120.59,130.23,104.22,104.22
LH,LH,Other,247.86,254.04,232.65,241.28,247.85,264.26,261.5,273.78,279.06,257.84,267.73,251.66,251.66
LHX,LHX,Other,212.78,207.7,209.75,219.91,243.16,252.18,278.26,275.12,300.47,288.59,272.32,304.48,304.48
LII,LII,Other,582.93,586.98,564.83,557.02,551.78,598.66,605.87,543.57,537.06,493.88,489.46,498.91,498.91
LIN,Linde plc,Materials,454.21,462.25,467.09,448.05,464.57,476.75,459.41,474.14,466.81,412.18,407.14,429.11,429.11
LLY,Eli Lilly,Healthcare,810.43,929.72,805.23,794.1,747.12,775.9,762.33,735.19,825.42,896.53,1057.89,1080.36,1080.36
LMT,LMT,Industrial,455.42,451.94,448.64,477.72,478.82,465.94,421.01,452.5,499.0,487.94,439.19,497.07,497.07
LNT,LNT,Other,59.27,66.04,64.42,60.55,62.07,61.36,65.47,64.66,67.11,66.47,67.6,65.59,65.59
LOW,Lowe's Companies,Consumer,256.5,246.16,234.01,222.32,225.52,228.64,226.4,258.74,247.99,235.64,246.39,246.89,246.89
LRCX,LRCX,Other,80.19,75.78,72.83,71.73,82.48,96.81,96.37,97.03,142.79,161.24,154.79,185.06,185.06
LULU,LULU,Other,410.29,347.81,279.63,268.6,322.95,245.12,193.33,200.21,177.57,165.47,182.41,210.81,210.81
LUV,LUV,Other,30.48,30.61,31.59,28.58,33.11,33.41,29.8,32.25,32.28,30.43,34.77,41.3,41.3
LVS,LVS,Other,44.93,45.43,39.15,36.81,41.11,47.38,52.26,57.01,54.77,61.73,69.49,65.21,65.21
LW,LW,Other,60.29,50.02,53.31,52.11,54.84,52.37,55.99,56.55,62.01,62.76,59.5,42.29,42.29
LYB,LYB,Other,76.3,73.41,70.04,58.31,54.44,61.2,53.42,55.84,48.42,46.27,47.92,44.39,44.39
LYV,LYV,Other,145.84,142.26,132.01,131.34,138.55,149.88,146.14,165.47,158.88,149.84,131.1,145.31,145.31
MA,Mastercard Inc,Finance,563.95,574.92,548.51,546.63,581.22,564.61,559.89,591.87,573.77,544.07,543.97,563.13,563.13
MAA,MAA,Other,152.49,170.92,167.48,162.07,155.67,148.9,140.0,142.3,138.0,127.59,135.37,139.13,139.13
MAR,Marriott Intl,Consumer,290.46,277.72,238.24,243.95,261.21,278.07,255.35,264.48,261.66,263.89,303.44,313.41,313.41
MAS,MAS,Other,77.64,73.94,69.84,60.3,61.33,67.1,68.83,72.38,70.22,63.7,64.77,64.47,64.47
MCD,McDonald's Corp,Consumer,290.05,304.29,313.63,313.64,312.68,297.49,302.89,315.76,300.52,296.37,303.57,303.26,303.26
MCHP,MCHP,Other,52.26,57.95,48.5,45.98,60.0,71.68,66.36,63.6,64.11,62.41,53.43,65.03,65.03
MCK,MCK,Other,599.82,644.53,673.69,706.77,721.75,727.74,698.8,691.62,765.08,820.29,856.89,823.44,823.44
MCO,MCO,Other,496.47,502.0,468.78,451.86,479.93,502.48,501.28,498.5,479.82,485.95,487.24,498.98,498.98
MDLZ,MDLZ,Other,57.41,65.78,67.65,67.87,67.51,68.96,63.93,61.79,63.17,56.65,56.4,53.65,53.65
MDT,MDT,Other,90.53,94.3,88.49,83.56,83.74,88.75,89.34,93.33,94.81,90.2,103.34,96.05,96.05
MET,MET,Other,85.49,85.7,81.16,75.77,78.68,81.09,74.01,80.56,81.93,79.21,76.31,80.32,80.32
META,Meta Platforms,Technology,697.46,655.05,586.0,572.21,670.9,719.22,750.01,735.11,717.34,637.71,640.87,650.41,650.41
MGM,MGM,Other,34.15,33.19,29.94,30.86,31.17,36.89,35.75,38.91,34.69,32.13,35.44,36.49,36.49
MKC,MKC,Other,78.03,84.73,82.25,75.11,73.44,77.17,70.28,68.8,67.76,63.84,66.4,67.28,67.28
MLM,MLM,Other,535.95,469.8,484.56,522.88,541.61,557.68,577.86,616.38,620.06,619.3,615.25,634.44,634.44
MMM,MMM,Industrial,150.04,153.42,147.67,137.9,146.4,153.81,144.41,154.27,156.0,162.19,170.48,161.82,161.82
MNST,MNST,Other,47.5,55.17,59.04,59.52,63.83,63.54,59.02,62.67,67.43,66.51,75.95,76.16,76.16
MO,MO,Other,52.85,57.31,58.79,59.31,60.63,58.14,61.78,67.13,66.29,56.67,59.14,57.31,57.31
MOH,MOH,Other,325.36,302.84,327.71,313.04,297.35,306.29,155.13,183.25,192.79,147.03,145.0,178.46,178.46
MOS,MOS,Other,27.06,23.33,26.8,30.47,36.79,36.78,35.32,33.25,33.82,27.26,24.96,25.02,25.02
MPC,MPC,Energy,147.0,145.82,146.63,137.72,158.75,169.95,165.53,180.15,192.31,195.79,196.14,165.14,165.14
MPWR,MPWR,Other,628.78,578.92,581.48,601.63,668.66,746.97,785.62,823.65,915.87,1003.93,928.35,936.31,936.31
MRK,Merck & Co,Healthcare,99.79,93.15,87.12,83.26,76.25,81.81,79.29,85.48,90.13,82.49,101.83,106.45,106.45
MRNA,MRNA,Other,36.55,30.27,27.16,27.03,27.05,28.69,27.6,24.19,27.6,24.91,24.16,30.86,30.86
MRSH,MRSH,Other,187.34,187.34,187.34,187.34,187.34,187.34,187.34,187.34,187.34,187.34,187.34,187.34,187.34
MS,Morgan Stanley,Finance,137.16,129.13,115.74,116.76,128.4,141.07,139.09,148.85,156.89,163.65,168.47,181.9,181.9
MSCI,MSCI,Other,582.43,588.76,567.3,546.07,564.2,581.34,557.4,553.91,552.59,581.1,559.66,565.25,565.25
MSFT,Microsoft Corp,Technology,410.92,388.49,382.19,425.4,461.97,492.05,524.11,505.12,519.71,517.03,486.74,472.94,472.94
MSI,MSI,Other,473.37,427.35,435.99,439.16,419.17,425.65,436.71,479.0,456.93,391.5,373.35,381.02,381.02
MTB,MTB,Other,195.87,188.81,176.37,170.86,180.04,197.5,184.99,198.98,195.29,182.73,190.22,204.04,204.04
MTCH,MTCH,Other,35.4,30.19,31.41,30.41,30.32,32.51,33.6,36.98,34.63,32.5,33.75,31.74,31.74
MTD,MTD,Other,1342.43,1268.64,1156.38,1056.58,1141.13,1205.29,1197.23,1276.0,1289.82,1406.88,1468.09,1411.39,1411.39
MU,MU,Other,89.92,90.54,88.71,77.77,98.18,120.89,104.88,118.48,182.15,234.7,240.46,315.42,315.42
NCLH,NCLH,Other,27.66,21.95,19.06,16.26,17.67,20.98,24.5,24.72,24.19,22.18,18.57,22.78,22.78
NDAQ,NDAQ,Other,81.92,81.97,76.04,76.14,84.0,88.94,95.17,93.59,86.91,86.39,89.36,96.66,96.66
NDSN,NDSN,Other,216.64,207.1,200.95,190.36,212.18,220.48,209.25,222.7,228.55,229.66,235.03,241.03,241.03
NEE,NextEra Energy,Utilities,71.05,71.62,70.92,66.05,70.15,73.06,70.4,72.65,78.67,81.78,84.65,80.93,80.93
NEM,NEM,Other,43.12,42.36,48.29,51.49,55.58,58.83,62.59,75.86,85.95,81.62,91.83,101.22,101.22
NFLX,Netflix Inc,Technology,97.89,97.37,92.84,113.35,121.9,129.36,115.86,121.41,117.09,110.01,109.13,90.99,90.99
NI,NI,Other,37.58,41.23,40.4,38.96,39.59,40.06,42.59,42.11,43.07,42.58,43.0,42.16,42.16
NKE,Nike Inc,Consumer,76.59,78.41,64.76,56.76,61.57,73.41,74.62,74.29,74.2,62.65,65.39,63.28,63.28
NOC,NOC,Other,487.75,473.41,513.1,486.67,483.38,503.53,586.44,589.32,605.42,575.41,545.51,585.66,585.66
NOW,ServiceNow Inc,Technology,204.19,182.06,162.31,191.59,202.42,202.38,182.87,182.28,182.49,182.77,164.41,147.45,147.45
NRG,NRG,Other,102.68,100.25,98.53,114.14,158.49,155.96,167.63,145.11,161.91,174.48,165.66,166.16,166.16
NSC,NSC,Other,250.32,245.14,236.61,221.77,245.26,262.38,274.85,278.25,298.68,282.17,289.83,287.82,287.82
NTAP,NTAP,Other,119.72,95.73,89.49,89.73,98.77,106.69,101.1,115.37,118.5,116.94,112.27,106.47,106.47
NTRS,NTRS,Other,110.82,109.4,97.95,94.94,106.31,127.99,127.06,129.77,131.2,127.68,130.98,139.28,139.28
NUE,NUE,Other,131.3,134.07,119.66,119.72,120.4,134.11,138.67,146.4,135.39,148.12,160.7,169.4,169.4
NVDA,NVIDIA Corp,Technology,116.66,114.06,110.15,111.61,137.38,153.3,173.72,170.78,187.24,206.88,179.92,188.85,188.85
NVR,NVR,Other,7737.5,7200.29,7213.62,7034.89,7043.41,7667.85,7760.68,8169.85,8036.48,7072.32,7517.09,7278.87,7278.87
NWS,NWS,Other,31.95,32.04,30.28,31.27,32.48,34.41,33.25,33.21,32.46,30.06,28.98,29.77,29.77
NWSA,NWSA,Other,28.08,28.47,27.0,27.06,28.08,29.73,29.09,28.85,28.95,25.99,25.52,26.19,26.19
NXPI,NXPI,Other,204.73,216.53,190.0,181.84,192.81,221.21,209.92,232.66,224.91,210.39,199.49,221.28,221.28
O,O,Other,54.49,57.55,57.15,57.17,56.58,57.8,56.57,57.74,60.46,58.2,57.43,57.31,57.31
ODFL,ODFL,Other,182.05,172.28,167.09,150.56,160.0,168.45,141.85,149.9,139.24,137.51,139.67,159.19,159.19
OKE,OKE,Other,97.63,96.76,99.5,80.93,82.51,80.99,78.99,74.62,72.98,65.36,73.68,74.34,74.34
OMC,OMC,Other,87.76,80.71,79.77,75.75,70.49,73.83,71.11,76.93,77.45,73.03,72.01,81.32,81.32
ON,ON,Other,50.26,44.91,40.2,39.6,42.54,53.6,56.82,48.94,48.35,50.46,50.43,56.7,56.7
ORCL,Oracle Corp,Technology,168.6,162.02,141.94,145.49,166.57,218.96,244.42,225.3,289.01,257.85,200.94,195.71,195.71
ORLY,ORLY,Other,87.74,91.73,95.45,93.85,91.38,90.5,99.12,103.19,105.68,91.7,101.24,90.34,90.34
OTIS,OTIS,Other,94.55,100.73,104.06,96.39,94.21,100.43,84.93,85.77,92.36,90.17,88.15,88.34,88.34
OXY,OXY,Energy,46.37,46.45,49.19,40.44,41.44,42.86,43.41,48.05,47.72,40.92,42.34,42.38,42.38
PANW,Palo Alto Networks,Technology,182.79,183.68,171.31,186.27,194.86,197.58,172.88,190.52,206.8,219.23,187.73,179.37,179.37
PAYC,PAYC,Other,205.24,220.21,220.9,227.1,259.54,233.8,226.44,220.0,199.23,184.85,161.81,152.4,152.4
PAYX,PAYX,Other,148.62,153.37,154.59,146.61,157.5,147.42,139.34,135.96,124.01,115.11,110.54,108.6,108.6
PCAR,PCAR,Other,109.13,105.02,98.29,89.78,91.77,98.2,96.48,98.86,97.71,97.46,103.97,111.56,111.56
PCG,PCG,Other,15.16,16.43,17.27,16.67,16.65,14.13,14.12,15.32,15.66,15.91,15.84,16.27,16.27
PEG,PEG,Other,83.47,81.76,83.26,78.66,81.9,82.87,88.97,81.81,82.55,81.36,81.57,80.99,80.99
PEP,PepsiCo Inc,Consumer,150.27,155.99,149.67,133.55,130.91,135.26,139.28,150.28,143.14,143.6,149.51,142.23,142.23
PFE,Pfizer Inc,Healthcare,26.2,26.25,24.54,23.93,23.46,25.04,23.49,24.98,27.21,24.66,25.27,25.18,25.18
PFG,PFG,Other,80.97,88.64,85.15,74.07,76.97,80.83,75.53,79.94,83.04,83.02,84.45,89.42,89.42
PG,Procter & Gamble,Consumer,168.76,175.59,170.56,159.98,167.78,161.22,150.65,157.99,153.18,148.02,147.44,141.79,141.79
PGR,PGR,Other,248.92,285.08,284.29,277.66,288.74,264.3,241.09,245.86,246.46,203.7,227.82,212.12,212.12
PH,PH,Other,695.77,650.56,609.86,610.12,660.3,703.28,712.13,749.93,755.22,771.88,856.12,893.98,893.98
PHM,PHM,Other,109.15,102.03,103.04,101.89,97.55,109.94,116.75,132.09,134.44,118.76,127.18,119.07,119.07
PKG,PKG,Other,211.28,209.41,199.93,183.37,192.26,202.75,191.41,216.45,214.85,195.59,203.24,211.12,211.12
PLD,PLD,Other,117.84,123.54,111.45,103.08,108.75,106.58,104.91,111.3,116.48,124.22,128.93,129.05,129.05
PLTR,Palantir Technologies,Technology,83.74,83.42,84.68,116.2,132.04,130.68,154.27,157.09,184.95,207.18,167.49,167.86,167.86
PM,PM,Other,130.39,158.79,158.09,170.05,182.75,177.53,162.96,167.4,160.86,144.6,156.15,160.3,160.3
PNC,PNC,Other,197.64,189.49,174.64,160.99,173.94,192.52,185.88,205.42,198.44,182.74,192.4,211.46,211.46
PNR,PNR,Other,102.63,91.74,88.04,90.74,98.51,105.05,100.62,106.29,110.5,106.84,105.06,105.47,105.47
PNW,PNW,Other,86.82,94.18,95.28,93.41,90.84,90.84,90.68,88.8,88.18,89.45,89.32,88.14,88.14
PODD,PODD,Other,278.9,272.64,263.18,250.25,325.0,299.99,284.91,344.92,305.98,318.77,310.83,282.92,282.92
POOL,POOL,Other,337.5,344.18,318.13,296.35,300.0,304.18,308.67,305.07,309.18,259.48,243.37,229.71,229.71
PPG,PPG,Other,111.99,111.72,108.95,108.77,110.35,116.41,104.44,109.59,104.09,94.96,99.86,104.35,104.35
PPL,PPL,Other,33.81,35.67,36.06,36.08,34.72,33.99,35.66,36.42,36.59,36.41,35.8,35.11,35.11
PRU,PRU,Other,118.89,113.48,111.69,101.73,103.6,109.0,100.71,107.41,102.99,104.63,108.22,113.87,113.87
PSA,PSA,Other,295.91,311.04,298.86,300.0,309.77,298.09,278.89,288.18,290.68,277.62,271.15,258.44,258.44
PSKY,PSKY,Other,10.73,11.31,11.73,11.65,11.94,13.16,13.01,14.46,18.89,15.42,15.71,13.18,13.18
PSX,PSX,Energy,117.86,124.99,124.35,103.46,114.28,123.15,119.6,133.84,134.59,137.92,139.76,130.57,130.57
PTC,PTC,Other,189.88,160.56,156.2,156.34,166.75,173.07,212.11,212.64,202.42,196.36,174.88,170.1,170.1
PWR,PWR,Other,301.82,250.91,257.9,321.93,345.53,372.29,395.17,374.68,420.65,450.82,452.23,439.68,439.68
PYPL,PayPal Holdings,Technology,89.51,69.75,66.1,65.41,70.93,75.29,67.11,69.25,66.66,68.34,62.58,58.14,58.14
Q,Q,Other,95.3,95.3,95.3,95.3,95.3,95.3,95.3,95.3,95.3,97.0,77.6,84.98,84.98
QCOM,Qualcomm Inc,Technology,170.24,153.62,153.05,135.21,146.63,159.4,148.19,158.78,166.49,180.72,168.04,172.98,172.98
RCL,RCL,Other,260.86,241.12,208.12,220.77,261.93,315.1,314.25,354.08,316.02,277.8,266.6,283.26,283.26
REG,REG,Other,71.86,77.74,73.57,72.42,71.95,71.11,70.48,72.33,72.09,68.91,70.84,67.96,67.96
REGN,REGN,Other,666.85,684.87,617.0,590.0,490.81,534.91,558.87,577.9,599.94,642.25,750.11,776.31,776.31
RF,RF,Other,24.05,23.14,21.57,20.51,21.11,24.17,24.89,26.89,26.21,24.24,25.33,27.56,27.56
RJF,RJF,Other,165.98,150.4,138.1,137.71,145.42,154.64,163.03,168.32,165.9,158.88,155.83,163.6,163.6
RL,RL,Other,246.0,262.36,228.92,224.51,275.93,272.1,293.77,311.02,317.42,314.95,365.88,362.53,362.53
RMD,RMD,Other,240.55,233.1,222.3,236.49,244.03,256.26,279.2,270.99,270.85,248.95,248.38,244.81,244.81
ROK,ROK,Other,271.05,278.63,258.74,249.18,317.28,338.61,344.5,337.84,349.32,364.54,389.96,398.55,398.55
ROL,ROL,Other,49.65,53.01,54.36,56.07,58.58,56.64,57.74,56.67,58.13,58.5,61.18,59.01,59.01
ROP,ROP,Other,577.04,585.81,590.78,557.59,566.69,572.71,542.11,518.99,497.97,448.54,443.58,434.54,434.54
ROST,ROST,Other,147.07,136.81,129.11,138.93,142.42,129.97,137.01,151.25,153.2,161.2,177.5,182.74,182.74
RSG,RSG,Other,221.06,239.62,243.72,249.41,258.07,244.67,231.21,233.12,227.29,205.28,214.07,210.2,210.2
RTX,RTX Corp,Industrial,129.92,133.83,132.85,127.41,137.46,144.19,156.81,158.01,167.2,177.04,168.02,187.25,187.25
RVTY,RVTY,Other,123.69,110.39,104.31,92.9,89.32,99.03,88.23,87.87,91.76,92.97,102.43,98.15,98.15
SBAC,SBAC,Other,197.73,221.51,220.42,240.74,231.06,238.74,228.57,202.0,191.79,193.52,188.57,192.48,192.48
SBUX,Starbucks Corp,Consumer,108.16,115.41,98.23,82.01,85.19,94.92,86.86,89.78,84.4,80.96,84.91,83.97,83.97
SCHW,Charles Schwab,Finance,82.75,78.12,77.67,81.51,88.11,91.17,95.53,96.12,92.25,93.15,92.69,101.57,101.57
SHW,Sherwin-Williams,Materials,357.64,356.73,350.57,353.64,355.44,355.3,343.41,360.92,341.22,345.64,341.49,327.84,327.84
SJM,SJM,Other,105.88,112.09,118.52,113.77,112.0,102.95,108.25,109.35,108.52,103.64,103.09,96.63,96.63
SLB,Schlumberger,Energy,40.16,39.82,42.2,33.74,33.34,35.2,33.05,35.9,35.09,37.02,36.6,40.2,40.2
SMCI,SMCI,Other,26.85,36.07,35.05,32.73,41.2,47.2,56.64,40.78,52.39,50.75,33.41,30.96,30.96
SNA,SNA,Other,352.05,334.08,339.58,311.71,316.49,317.86,317.79,323.45,345.24,337.78,338.47,350.95,350.95
SNDK,SNDK,Other,36.0,50.31,48.11,32.59,37.33,44.96,41.33,51.07,121.12,207.01,210.17,275.24,275.24
SNPS,SNPS,Other,520.25,443.26,435.94,459.36,466.15,521.78,618.65,592.01,488.78,445.72,438.29,480.42,480.42
SO,Southern Co,Utilities,83.97,90.85,91.82,91.46,89.94,92.3,94.99,92.09,94.8,93.15,89.01,87.18,87.18
SOLV,SOLV,Other,73.58,80.16,76.34,65.62,73.12,77.89,71.73,71.82,73.04,68.12,85.56,79.02,79.02
SPG,SPG,Other,173.41,187.78,166.47,158.87,162.91,164.27,160.68,178.87,185.76,176.67,185.14,183.97,183.97
SPGI,S&P Global,Finance,518.38,529.31,510.78,498.93,513.59,529.32,545.66,539.64,481.67,497.02,495.27,512.66,512.66
SRE,SRE,Other,82.59,71.44,71.56,74.7,78.02,76.18,80.97,82.89,89.26,92.58,91.5,89.71,89.71
STE,STE,Other,218.34,222.72,225.72,222.24,242.08,242.66,226.87,242.02,241.3,237.32,262.89,250.04,250.04
STLD,STLD,Other,127.92,130.5,124.0,130.29,135.71,130.16,122.37,129.02,141.0,155.97,167.62,176.06,176.06
STT,STT,Other,98.17,96.98,88.82,88.73,96.23,106.96,108.59,113.26,113.38,116.69,118.12,129.07,129.07
STX,STX,Other,93.48,100.06,84.54,90.01,119.15,145.04,154.81,170.5,256.84,265.55,270.1,287.54,287.54
STZ,STZ,Other,174.41,175.28,184.81,185.44,174.17,166.42,166.18,151.26,138.95,130.82,137.87,141.17,141.17
SW,SW,Other,53.52,50.1,45.62,40.47,42.62,45.85,44.35,47.11,42.66,36.57,35.65,39.6,39.6
SWK,SWK,Other,85.17,84.08,76.14,58.94,63.95,70.41,66.98,71.72,73.62,66.36,70.56,76.47,76.47
SWKS,SWKS,Other,85.22,65.55,64.62,65.23,68.95,77.16,67.69,73.07,76.34,76.54,65.83,64.4,64.4
SYF,SYF,Other,67.54,58.02,53.26,52.31,58.13,68.17,67.53,75.62,69.84,74.01,78.05,84.65,84.65
SYK,SYK,Other,391.14,394.88,373.3,373.99,380.86,396.74,377.79,389.94,364.15,358.16,372.32,348.18,348.18
SYY,SYY,Other,72.31,75.69,75.42,70.15,73.06,77.36,79.88,80.55,82.82,72.9,75.91,72.62,72.62
T,AT&T Inc,Telecom,24.25,27.72,28.48,27.64,27.93,28.88,27.75,29.08,27.55,24.53,25.79,24.56,24.56
TAP,TAP,Other,53.39,61.29,61.24,57.25,52.87,49.07,48.21,50.25,46.03,43.22,46.91,47.4,47.4
TDG,TDG,Other,1352.78,1370.82,1397.44,1434.19,1453.77,1512.81,1585.0,1304.88,1300.8,1300.0,1354.86,1358.55,1358.55
TDY,TDY,Other,507.5,512.96,498.33,466.26,494.24,511.57,544.69,537.91,575.07,518.32,492.56,518.77,518.77
TECH,TECH,Other,72.05,61.19,57.35,49.63,48.61,52.08,54.89,53.42,59.92,61.26,63.76,59.65,59.65
TEL,TEL,Other,145.06,150.6,140.7,146.36,159.87,170.27,201.93,204.56,221.69,246.87,225.75,233.22,233.22
TER,TER,Other,111.09,105.78,82.61,73.78,79.49,91.92,104.16,120.61,141.12,183.07,179.63,207.56,207.56
TFC,TFC,Other,46.89,45.43,41.02,38.59,39.23,44.2,42.96,46.42,45.57,44.22,46.57,49.74,49.74
TGT,Target Corp,Consumer,134.16,120.76,104.43,95.97,93.32,103.85,99.77,92.44,89.14,91.45,91.36,100.51,100.51
TJX,TJX,Other,124.31,123.54,122.72,127.63,128.43,125.16,126.0,138.57,144.32,140.41,151.13,154.28,154.28
TKO,TKO,Other,157.05,147.79,152.99,163.16,159.55,175.61,165.61,185.35,198.76,187.71,193.98,206.94,206.94
TMO,Thermo Fisher,Healthcare,593.75,523.64,482.97,419.89,396.47,421.47,463.04,487.53,530.73,564.88,585.15,592.51,592.51
TMUS,T-Mobile US,Telecom,238.1,272.83,268.54,247.0,243.06,241.51,237.2,255.89,233.26,203.32,206.63,199.58,199.58
TPL,TPL,Other,444.27,452.13,450.95,435.38,370.05,356.23,311.6,314.11,319.33,308.22,284.58,297.97,297.97
TPR,TPR,Other,73.53,84.09,72.89,70.49,78.56,86.94,106.31,102.79,113.83,106.33,112.1,129.07,129.07
TRGP,TRGP,Other,201.73,195.68,203.07,162.34,162.35,171.97,162.92,166.72,168.07,156.09,176.68,186.77,186.77
TRMB,TRMB,Other,74.12,69.68,65.38,62.54,70.84,76.46,82.64,78.57,79.41,79.57,81.67,78.33,78.33
TROW,TROW,Other,115.27,103.88,92.27,88.12,92.15,98.67,103.06,105.6,101.07,101.71,101.59,104.63,104.63
TRV,TRV,Other,244.6,260.84,264.54,261.45,276.34,267.0,258.32,273.35,277.24,267.66,290.5,285.19,285.19
TSCO,TSCO,Other,54.58,54.9,55.13,50.35,47.86,54.08,57.63,61.52,55.92,52.49,53.66,50.83,50.83
TSLA,Tesla Inc,Consumer,383.68,284.65,268.46,280.52,342.69,300.71,302.63,329.36,459.46,468.37,430.14,438.07,438.07
TSN,TSN,Other,57.74,61.83,63.11,60.61,56.16,57.35,52.53,56.54,54.47,51.63,58.3,58.04,58.04
TT,TT,Other,360.52,346.24,341.65,392.62,430.36,434.17,439.25,410.93,425.41,446.31,410.16,398.0,398.0
TTD,TTD,Other,117.94,67.17,57.1,53.06,74.77,73.49,86.08,54.18,49.32,49.12,39.58,37.68,37.68
TTWO,TTWO,Other,186.07,208.05,210.13,235.17,227.6,240.1,220.58,240.95,255.4,255.65,249.34,251.6,251.6
TXN,Texas Instruments,Technology,180.94,194.39,177.99,158.26,184.21,210.45,180.86,199.81,180.39,161.46,168.16,177.52,177.52
TXT,TXT,Other,75.43,74.02,72.16,70.27,73.53,80.98,77.23,79.53,85.21,79.98,82.0,87.05,87.05
TYL,TYL,Other,603.01,606.39,584.53,539.6,564.72,590.05,581.65,552.49,500.74,467.02,465.55,435.83,435.83
UAL,UAL,Other,104.83,91.67,68.2,69.16,81.23,80.05,84.57,104.68,93.15,96.11,101.12,113.01,113.01
UBER,Uber Technologies,Technology,67.29,74.44,72.99,80.89,83.64,92.13,86.91,92.81,96.61,99.72,86.57,82.86,82.86
UDR,UDR,Other,41.73,46.04,45.17,42.6,41.41,40.86,38.67,38.42,36.92,33.79,36.09,36.69,36.69
UHS,UHS,Other,190.71,175.8,187.81,174.63,187.38,188.94,162.98,181.51,203.51,220.7,239.43,219.88,219.88
ULTA,ULTA,Other,408.14,348.86,373.91,392.93,475.68,473.44,507.73,532.52,556.04,517.43,547.64,620.04,620.04
UNH,UnitedHealth Group,Healthcare,548.18,467.05,523.12,400.68,304.72,326.14,237.77,308.8,348.3,333.79,323.21,336.4,336.4
UNP,UNP,Industrial,243.02,245.81,237.17,214.08,218.89,235.57,219.4,221.99,234.74,218.82,231.36,231.91,231.91
UPS,United Parcel Service,Industrial,111.29,119.26,109.26,94.6,97.36,104.47,84.5,85.23,84.38,94.09,95.22,101.02,101.02
URI,URI,Other,738.21,617.52,631.99,640.6,691.15,774.14,859.62,958.77,962.92,857.41,805.24,845.06,845.06
USB,USB,Other,46.87,46.24,41.77,40.5,43.62,46.49,43.94,48.52,47.88,46.62,49.41,53.93,53.93
V,Visa Inc,Finance,345.82,361.82,346.35,342.45,365.32,355.47,339.35,350.07,347.83,336.9,330.39,346.48,346.48
VICI,VICI,Other,29.79,32.65,32.44,31.51,31.77,32.98,33.11,33.34,32.91,30.09,28.59,28.15,28.15
VLO,VLO,Energy,136.18,128.4,133.74,114.88,128.3,138.01,133.18,154.28,167.67,171.6,180.54,165.31,165.31
VLTO,VLTO,Other,101.17,99.87,97.62,94.21,100.28,102.6,104.75,105.28,106.04,98.94,100.97,98.5,98.5
VMC,VMC,Other,271.16,239.77,237.27,263.63,263.38,264.67,274.94,292.49,301.64,288.55,291.85,292.65,292.65
VRSK,VRSK,Other,290.94,301.33,298.61,294.51,316.99,312.95,271.89,265.0,249.55,215.4,224.01,221.02,221.02
VRSN,VRSN,Other,216.02,240.16,254.98,279.7,275.56,289.08,265.37,273.2,274.92,244.56,251.02,240.53,240.53
VRTX,VRTX,Other,470.37,483.31,484.74,498.86,445.43,452.16,462.13,401.0,404.21,426.0,425.6,452.13,452.13
VST,VST,Other,168.53,123.95,122.24,137.3,167.47,185.1,208.05,185.81,201.51,193.04,173.64,165.23,165.23
VTR,VTR,Other,61.36,70.36,69.27,65.54,64.09,62.87,67.5,67.92,70.32,74.13,80.39,77.33,77.33
VTRS,VTRS,Other,11.04,9.33,8.6,8.47,8.69,9.18,8.81,10.56,10.09,10.53,10.7,12.46,12.46
VZ,Verizon Comm,Telecom,39.98,43.87,45.38,43.3,44.1,43.68,42.88,43.8,43.83,39.47,40.74,40.52,40.52
WAB,WAB,Other,204.64,181.65,183.66,186.92,201.73,209.34,186.89,192.62,198.56,204.92,208.65,216.28,216.28
WAT,WAT,Other,411.19,371.79,356.0,341.83,343.68,357.04,290.31,296.48,319.81,345.59,397.79,381.96,381.96
WBD,WBD,Other,10.16,11.02,10.21,8.43,10.0,10.94,12.87,11.62,19.35,22.29,23.87,28.51,28.51
WDAY,WDAY,Other,259.77,254.57,234.53,246.61,247.75,239.23,222.22,228.89,232.21,237.68,213.35,205.79,205.79
WDC,WDC,Other,48.69,47.01,40.89,43.95,52.19,63.84,76.55,81.91,130.59,158.02,163.54,187.7,187.7
WEC,WEC,Other,100.45,108.36,108.89,108.79,107.23,104.75,110.24,106.02,112.99,110.61,109.34,106.47,106.47
WELL,WELL,Other,140.38,156.86,154.15,150.33,155.22,151.6,166.24,167.74,179.38,182.32,203.9,186.94,186.94
WFC,Wells Fargo,Finance,78.14,77.03,71.31,71.81,74.72,81.49,77.78,81.78,80.87,87.3,85.4,95.2,95.2
WM,WM,Other,223.72,233.78,233.79,233.4,242.1,228.8,228.88,225.73,219.87,196.77,215.93,218.4,218.4
WMB,WMB,Other,56.2,57.6,60.57,58.8,61.27,58.72,60.27,57.38,63.69,59.03,61.44,60.85,60.85
WMT,Walmart Inc,Consumer,99.54,97.59,88.83,97.41,99.77,98.24,98.49,97.85,101.96,101.59,111.53,112.76,112.76
WRB,WRB,Other,59.52,63.73,70.25,71.18,75.17,72.86,69.25,71.98,75.41,71.78,72.98,69.36,69.36
WSM,WSM,Other,204.48,187.69,158.87,155.82,158.22,169.19,187.67,191.96,195.3,192.62,182.44,187.85,187.85
WST,WST,Other,337.03,228.05,220.16,210.26,209.39,222.42,239.26,243.74,271.42,279.78,274.14,276.4,276.4
WTW,WTW,Other,330.67,340.36,337.0,306.36,317.31,307.61,314.77,325.46,344.1,314.0,320.79,326.27,326.27
WY,WY,Other,30.75,31.39,29.14,25.82,25.67,26.24,25.08,24.89,24.95,22.51,22.12,23.8,23.8
WYNN,WYNN,Other,83.56,88.93,82.73,80.04,87.8,101.96,107.93,125.47,132.03,125.73,132.77,122.57,122.57
XEL,XEL,Other,67.75,71.9,70.72,70.4,69.73,68.71,73.47,72.14,80.31,81.26,79.73,74.68,74.68
XOM,Exxon Mobil,Energy,107.09,107.76,119.04,105.78,103.05,109.24,109.64,114.69,111.99,113.76,116.63,122.65,122.65
XYL,XYL,Other,122.8,129.78,119.88,120.75,125.7,131.0,142.18,140.35,147.88,149.09,139.41,137.11,137.11
XYZ,XYZ,Other,90.2,62.79,55.41,58.48,61.76,68.27,74.03,76.23,73.4,74.3,64.35,65.15,65.15
YUM,YUM,Other,131.5,156.93,158.92,148.6,144.63,150.37,145.36,145.44,153.19,139.38,150.64,150.49,150.49
ZBH,ZBH,Other,108.16,105.38,112.37,101.82,91.11,94.06,90.62,105.01,98.89,99.88,94.76,90.02,90.02
ZBRA,ZBRA,Other,386.09,306.84,283.07,249.64,285.96,315.48,335.24,307.07,291.79,270.58,251.29,248.3,248.3
ZTS,ZTS,Other,171.94,170.53,161.91,155.65,169.42,159.19,147.38,152.88,146.95,144.35,127.25,125.92,125.92
